[{"model": "auth.permission", "pk": 1, "fields": {"name": "Can add log entry", "content_type": 1, "codename": "add_logentry"}}, {"model": "auth.permission", "pk": 2, "fields": {"name": "Can change log entry", "content_type": 1, "codename": "change_logentry"}}, {"model": "auth.permission", "pk": 3, "fields": {"name": "Can delete log entry", "content_type": 1, "codename": "delete_logentry"}}, {"model": "auth.permission", "pk": 4, "fields": {"name": "Can view log entry", "content_type": 1, "codename": "view_logentry"}}, {"model": "auth.permission", "pk": 5, "fields": {"name": "Can add permission", "content_type": 2, "codename": "add_permission"}}, {"model": "auth.permission", "pk": 6, "fields": {"name": "Can change permission", "content_type": 2, "codename": "change_permission"}}, {"model": "auth.permission", "pk": 7, "fields": {"name": "Can delete permission", "content_type": 2, "codename": "delete_permission"}}, {"model": "auth.permission", "pk": 8, "fields": {"name": "Can view permission", "content_type": 2, "codename": "view_permission"}}, {"model": "auth.permission", "pk": 9, "fields": {"name": "Can add group", "content_type": 3, "codename": "add_group"}}, {"model": "auth.permission", "pk": 10, "fields": {"name": "Can change group", "content_type": 3, "codename": "change_group"}}, {"model": "auth.permission", "pk": 11, "fields": {"name": "Can delete group", "content_type": 3, "codename": "delete_group"}}, {"model": "auth.permission", "pk": 12, "fields": {"name": "Can view group", "content_type": 3, "codename": "view_group"}}, {"model": "auth.permission", "pk": 13, "fields": {"name": "Can add user", "content_type": 4, "codename": "add_user"}}, {"model": "auth.permission", "pk": 14, "fields": {"name": "Can change user", "content_type": 4, "codename": "change_user"}}, {"model": "auth.permission", "pk": 15, "fields": {"name": "Can delete user", "content_type": 4, "codename": "delete_user"}}, {"model": "auth.permission", "pk": 16, "fields": {"name": "Can view user", "content_type": 4, "codename": "view_user"}}, {"model": "auth.permission", "pk": 17, "fields": {"name": "Can add content type", "content_type": 5, "codename": "add_contenttype"}}, {"model": "auth.permission", "pk": 18, "fields": {"name": "Can change content type", "content_type": 5, "codename": "change_contenttype"}}, {"model": "auth.permission", "pk": 19, "fields": {"name": "Can delete content type", "content_type": 5, "codename": "delete_contenttype"}}, {"model": "auth.permission", "pk": 20, "fields": {"name": "Can view content type", "content_type": 5, "codename": "view_contenttype"}}, {"model": "auth.permission", "pk": 21, "fields": {"name": "Can add session", "content_type": 6, "codename": "add_session"}}, {"model": "auth.permission", "pk": 22, "fields": {"name": "Can change session", "content_type": 6, "codename": "change_session"}}, {"model": "auth.permission", "pk": 23, "fields": {"name": "Can delete session", "content_type": 6, "codename": "delete_session"}}, {"model": "auth.permission", "pk": 24, "fields": {"name": "Can view session", "content_type": 6, "codename": "view_session"}}, {"model": "auth.permission", "pk": 25, "fields": {"name": "Can add student", "content_type": 7, "codename": "add_student"}}, {"model": "auth.permission", "pk": 26, "fields": {"name": "Can change student", "content_type": 7, "codename": "change_student"}}, {"model": "auth.permission", "pk": 27, "fields": {"name": "Can delete student", "content_type": 7, "codename": "delete_student"}}, {"model": "auth.permission", "pk": 28, "fields": {"name": "Can view student", "content_type": 7, "codename": "view_student"}}, {"model": "auth.permission", "pk": 29, "fields": {"name": "Can add car", "content_type": 8, "codename": "add_car"}}, {"model": "auth.permission", "pk": 30, "fields": {"name": "Can change car", "content_type": 8, "codename": "change_car"}}, {"model": "auth.permission", "pk": 31, "fields": {"name": "Can delete car", "content_type": 8, "codename": "delete_car"}}, {"model": "auth.permission", "pk": 32, "fields": {"name": "Can view car", "content_type": 8, "codename": "view_car"}}, {"model": "auth.permission", "pk": 33, "fields": {"name": "Can add branch", "content_type": 9, "codename": "add_branch"}}, {"model": "auth.permission", "pk": 34, "fields": {"name": "Can change branch", "content_type": 9, "codename": "change_branch"}}, {"model": "auth.permission", "pk": 35, "fields": {"name": "Can delete branch", "content_type": 9, "codename": "delete_branch"}}, {"model": "auth.permission", "pk": 36, "fields": {"name": "Can view branch", "content_type": 9, "codename": "view_branch"}}, {"model": "auth.permission", "pk": 37, "fields": {"name": "Can add car type", "content_type": 10, "codename": "add_cartype"}}, {"model": "auth.permission", "pk": 38, "fields": {"name": "Can change car type", "content_type": 10, "codename": "change_cartype"}}, {"model": "auth.permission", "pk": 39, "fields": {"name": "Can delete car type", "content_type": 10, "codename": "delete_cartype"}}, {"model": "auth.permission", "pk": 40, "fields": {"name": "Can view car type", "content_type": 10, "codename": "view_cartype"}}, {"model": "auth.permission", "pk": 41, "fields": {"name": "Can add employee", "content_type": 11, "codename": "add_employee"}}, {"model": "auth.permission", "pk": 42, "fields": {"name": "Can change employee", "content_type": 11, "codename": "change_employee"}}, {"model": "auth.permission", "pk": 43, "fields": {"name": "Can delete employee", "content_type": 11, "codename": "delete_employee"}}, {"model": "auth.permission", "pk": 44, "fields": {"name": "Can view employee", "content_type": 11, "codename": "view_employee"}}, {"model": "auth.permission", "pk": 45, "fields": {"name": "Can add customer", "content_type": 12, "codename": "add_customer"}}, {"model": "auth.permission", "pk": 46, "fields": {"name": "Can change customer", "content_type": 12, "codename": "change_customer"}}, {"model": "auth.permission", "pk": 47, "fields": {"name": "Can delete customer", "content_type": 12, "codename": "delete_customer"}}, {"model": "auth.permission", "pk": 48, "fields": {"name": "Can view customer", "content_type": 12, "codename": "view_customer"}}, {"model": "auth.permission", "pk": 49, "fields": {"name": "Can add rental", "content_type": 13, "codename": "add_rental"}}, {"model": "auth.permission", "pk": 50, "fields": {"name": "Can change rental", "content_type": 13, "codename": "change_rental"}}, {"model": "auth.permission", "pk": 51, "fields": {"name": "Can delete rental", "content_type": 13, "codename": "delete_rental"}}, {"model": "auth.permission", "pk": 52, "fields": {"name": "Can view rental", "content_type": 13, "codename": "view_rental"}}, {"model": "contenttypes.contenttype", "pk": 1, "fields": {"app_label": "admin", "model": "logentry"}}, {"model": "contenttypes.contenttype", "pk": 2, "fields": {"app_label": "auth", "model": "permission"}}, {"model": "contenttypes.contenttype", "pk": 3, "fields": {"app_label": "auth", "model": "group"}}, {"model": "contenttypes.contenttype", "pk": 4, "fields": {"app_label": "auth", "model": "user"}}, {"model": "contenttypes.contenttype", "pk": 5, "fields": {"app_label": "contenttypes", "model": "contenttype"}}, {"model": "contenttypes.contenttype", "pk": 6, "fields": {"app_label": "sessions", "model": "session"}}, {"model": "contenttypes.contenttype", "pk": 7, "fields": {"app_label": "api", "model": "student"}}, {"model": "contenttypes.contenttype", "pk": 8, "fields": {"app_label": "api", "model": "car"}}, {"model": "contenttypes.contenttype", "pk": 9, "fields": {"app_label": "api", "model": "branch"}}, {"model": "contenttypes.contenttype", "pk": 10, "fields": {"app_label": "api", "model": "cartype"}}, {"model": "contenttypes.contenttype", "pk": 11, "fields": {"app_label": "api", "model": "employee"}}, {"model": "contenttypes.contenttype", "pk": 12, "fields": {"app_label": "api", "model": "customer"}}, {"model": "contenttypes.contenttype", "pk": 13, "fields": {"app_label": "api", "model": "rental"}}, {"model": "api.car", "pk": 2, "fields": {"Manufacturer": "Ford", "Model": "Escape", "FuelType": "Gas", "Colour": "Red", "LicensePlate": "TJR-4458", "Status": false, "Mileage": 300000, "Branch": 1, "Type": 3}}, {"model": "api.car", "pk": 3, "fields": {"Manufacturer": "Hyundai", "Model": "Accent", "FuelType": "Gas", "Colour": "Blue", "LicensePlate": "HKV-5937", "Status": false, "Mileage": 50000, "Branch": 4, "Type": 2}}, {"model": "api.car", "pk": 4, "fields": {"Manufacturer": "Toyota", "Model": "Rav-4", "FuelType": "Gas", "Colour": "Silver", "LicensePlate": "RWC-7494", "Status": false, "Mileage": 40000, "Branch": 1, "Type": 3}}, {"model": "api.car", "pk": 5, "fields": {"Manufacturer": "Pontiac", "Model": "G5", "FuelType": "Gas", "Colour": "Red", "LicensePlate": "QLV-5772", "Status": false, "Mileage": 180000, "Branch": 1, "Type": 2}}, {"model": "api.car", "pk": 6, "fields": {"Manufacturer": "Toyota", "Model": "Solara", "FuelType": "Gas", "Colour": "Blue", "LicensePlate": "LOF-9205", "Status": false, "Mileage": 100000, "Branch": 4, "Type": 2}}, {"model": "api.car", "pk": 7, "fields": {"Manufacturer": "Ford", "Model": "Ranger", "FuelType": "Gas", "Colour": "Red", "LicensePlate": "KUX-1137", "Status": false, "Mileage": 10000, "Branch": 4, "Type": 3}}, {"model": "api.car", "pk": 8, "fields": {"Manufacturer": "Volkswagen", "Model": "Beetle", "FuelType": "Gas", "Colour": "Yellow", "LicensePlate": "JTQ-2754", "Status": false, "Mileage": 50000, "Branch": 1, "Type": 2}}, {"model": "api.car", "pk": 9, "fields": {"Manufacturer": "Mazda ", "Model": "B4000", "FuelType": "Gas", "Colour": "Blue", "LicensePlate": "PCL-4230", "Status": false, "Mileage": 102338, "Branch": 1, "Type": 2}}, {"model": "api.car", "pk": 10, "fields": {"Manufacturer": "Pontiac ", "Model": "G8", "FuelType": "Gas", "Colour": "Silver", "LicensePlate": "KZN-8398", "Status": false, "Mileage": 109576, "Branch": 4, "Type": 2}}, {"model": "api.car", "pk": 11, "fields": {"Manufacturer": "Mercedes Benz", "Model": "G Wagon", "FuelType": "Gas", "Colour": "Black", "LicensePlate": "HSG-8410", "Status": false, "Mileage": 98758, "Branch": 1, "Type": 3}}, {"model": "api.car", "pk": 12, "fields": {"Manufacturer": "Kia", "Model": "Forte", "FuelType": "Gas", "Colour": "Silver", "LicensePlate": "8GA-G338", "Status": false, "Mileage": 232445, "Branch": 1, "Type": 2}}, {"model": "api.car", "pk": 13, "fields": {"Manufacturer": "Subaru", "Model": "Impreza", "FuelType": "Gas", "Colour": "Blue", "LicensePlate": "KJP-1087", "Status": false, "Mileage": 261119, "Branch": 4, "Type": 2}}, {"model": "api.car", "pk": 14, "fields": {"Manufacturer": "BMW", "Model": "7 Series", "FuelType": "Gas", "Colour": "Cream", "LicensePlate": "SC4-1147", "Status": false, "Mileage": 247463, "Branch": 1, "Type": 2}}, {"model": "api.car", "pk": 15, "fields": {"Manufacturer": "Volkswagen", "Model": "Cabriolet", "FuelType": "Gas", "Colour": "Cream", "LicensePlate": "BHB-5397", "Status": false, "Mileage": 159821, "Branch": 1, "Type": 2}}, {"model": "api.car", "pk": 16, "fields": {"Manufacturer": "Mazda", "Model": "RX7", "FuelType": "Gas", "Colour": "Red", "LicensePlate": "DXZ-2135", "Status": false, "Mileage": 119567, "Branch": 1, "Type": 2}}, {"model": "api.car", "pk": 17, "fields": {"Manufacturer": "Mazda ", "Model": "RX8", "FuelType": "Gas", "Colour": "Blue", "LicensePlate": "SC4-2994", "Status": false, "Mileage": 228915, "Branch": 4, "Type": 2}}, {"model": "api.car", "pk": 18, "fields": {"Manufacturer": "Mazda", "Model": "Speed 5", "FuelType": "Gas", "Colour": "Black", "LicensePlate": "YZA-0325", "Status": false, "Mileage": 134015, "Branch": 4, "Type": 2}}, {"model": "api.car", "pk": 19, "fields": {"Manufacturer": "Nissan", "Model": "Skyline", "FuelType": "Gas", "Colour": "White", "LicensePlate": "KSX-6353", "Status": false, "Mileage": 254347, "Branch": 4, "Type": 2}}, {"model": "api.car", "pk": 20, "fields": {"Manufacturer": "Cadillac", "Model": "XTS", "FuelType": "Gas", "Colour": "Cream", "LicensePlate": "BZC-0823", "Status": false, "Mileage": 285328, "Branch": 1, "Type": 2}}, {"model": "api.car", "pk": 21, "fields": {"Manufacturer": "Honda", "Model": "Prelude", "FuelType": "Gas", "Colour": "Silver", "LicensePlate": "EPZ-7724", "Status": false, "Mileage": 81426, "Branch": 1, "Type": 2}}, {"model": "api.car", "pk": 22, "fields": {"Manufacturer": "Honda", "Model": "Type R", "FuelType": "Gas", "Colour": "Blue", "LicensePlate": "DYZ-3828", "Status": false, "Mileage": 148751, "Branch": 4, "Type": 2}}, {"model": "api.car", "pk": 23, "fields": {"Manufacturer": "Volkswagen ", "Model": "Touareg", "FuelType": "Gas", "Colour": "Red", "LicensePlate": "CV6-L141", "Status": false, "Mileage": 184797, "Branch": 4, "Type": 2}}, {"model": "api.car", "pk": 24, "fields": {"Manufacturer": "Volkswagen", "Model": "Golf", "FuelType": "Gas", "Colour": "Yellow", "LicensePlate": "KRM-8201", "Status": false, "Mileage": 138047, "Branch": 4, "Type": 2}}, {"model": "api.car", "pk": 25, "fields": {"Manufacturer": "Hyundai", "Model": "Snata", "FuelType": "Gas", "Colour": "Dark Blue", "LicensePlate": "GWZ-8144", "Status": false, "Mileage": 278557, "Branch": 4, "Type": 2}}, {"model": "api.car", "pk": 26, "fields": {"Manufacturer": "Chrysler ", "Model": "300", "FuelType": "Gas", "Colour": "Black", "LicensePlate": "GSE-1548", "Status": false, "Mileage": 118835, "Branch": 4, "Type": 2}}, {"model": "api.cartype", "pk": 2, "fields": {"Description": "Economy", "DailyCost": 10.0, "WeeklyCost": 65.0, "MonthlyCost": 240.0, "LateFee": 50.0, "DiffBranchFee": 50.0}}, {"model": "api.cartype", "pk": 3, "fields": {"Description": "SUV", "DailyCost": 20.0, "WeeklyCost": 120.0, "MonthlyCost": 400.0, "LateFee": 100.0, "DiffBranchFee": 100.0}}, {"model": "api.branch", "pk": 1, "fields": {"PhoneNum": "+17804884233", "Province": "Alberta", "City": "Edmonton", "PostalCode": "T7V4T6", "StreetNumber": 52, "StreetName": "aruora", "UnitNumber": 0}}, {"model": "api.branch", "pk": 4, "fields": {"PhoneNum": "+17804431972", "Province": "Ontario", "City": "Toronto", "PostalCode": "M4E0A1", "StreetNumber": 20, "StreetName": "Rockwood Drive", "UnitNumber": 0}}, {"model": "api.employee", "pk": 2, "fields": {"FirstName": "Luca", "LastName": "Timothy", "Email": "tima_luca@gmail.com", "PhoneNum": "+17804431972", "Password": "Password", "Salary": 30000.0, "Rank": "general", "DOB": "1995-10-24", "Province": "Alberta", "City": "Edmonton", "PostalCode": "T6B3D7", "StreetNumber": 138, "StreetName": "Rhatigan Road", "UnitNumber": null, "WorksAt": 1}}, {"model": "api.employee", "pk": 4, "fields": {"FirstName": "Paul", "LastName": "Johns", "Email": "pJohns@outlook.com", "PhoneNum": "+17804904803", "Password": "Testing", "Salary": 50000.0, "Rank": "Manager", "DOB": "1981-02-17", "Province": "Ontario", "City": "Toronto", "PostalCode": "M5G0E4", "StreetNumber": 120, "StreetName": "Bremner Blvd", "UnitNumber": null, "WorksAt": 4}}, {"model": "api.customer", "pk": 2, "fields": {"FirstName": "Willis", "LastName": "Towers", "DriversLicense": 155872110, "Email": "TowersW@gmail.com", "PhoneNum": "+14153689641", "DOB": "1994-03-09", "GoldMember": true, "Province": "Ontario", "City": "Cambridge", "PostalCode": "N3H4R7", "StreetNumber": 100, "StreetName": "Canadian Place", "UnitNumber": 4700, "Banned": false}}, {"model": "api.customer", "pk": 3, "fields": {"FirstName": "Dan", "LastName": "Lawrie", "DriversLicense": 655821110, "Email": "DanL@yahoo.com", "PhoneNum": "+19055257259", "DOB": "1987-02-10", "GoldMember": false, "Province": "Alberta", "City": "Edmonton", "PostalCode": "T3E2M7", "StreetNumber": 105, "StreetName": "Main Street", "UnitNumber": 1400, "Banned": false}}, {"model": "api.rental", "pk": 2, "fields": {"DateFrom": "2022-10-23", "DateTo": "2022-10-29", "DateReturned": null, "TotalCost": 65.0, "LicensePlate": "HKV-5937", "GoldMember": true, "Customer": 2, "Employee": 2, "BranchFrom": 1, "BranchTo": 1, "Car": 3, "CarType": 2}}, {"model": "api.rental", "pk": 3, "fields": {"DateFrom": "2022-10-23", "DateTo": "2022-11-23", "DateReturned": "2022-11-30", "TotalCost": 500.0, "LicensePlate": "TJR-4458", "GoldMember": false, "Customer": 3, "Employee": 4, "BranchFrom": 4, "BranchTo": 4, "Car": 2, "CarType": 3}}, {"model": "api.rental", "pk": 8, "fields": {"DateFrom": "2022-11-30", "DateTo": "2022-12-07", "DateReturned": null, "TotalCost": null, "LicensePlate": "HSG-8410", "GoldMember": true, "Customer": 2, "Employee": null, "BranchFrom": 1, "BranchTo": 1, "Car": 11, "CarType": 3}}, {"model": "api.rental", "pk": 9, "fields": {"DateFrom": "2022-11-30", "DateTo": "2023-01-03", "DateReturned": null, "TotalCost": null, "LicensePlate": "EPZ-7724", "GoldMember": false, "Customer": 3, "Employee": null, "BranchFrom": 4, "BranchTo": 1, "Car": 20, "CarType": 2}}, {"model": "api.rental", "pk": 10, "fields": {"DateFrom": "2022-12-01", "DateTo": "2022-11-06", "DateReturned": null, "TotalCost": null, "LicensePlate": "BZC-0823", "GoldMember": true, "Customer": 2, "Employee": 2, "BranchFrom": 1, "BranchTo": 4, "Car": 19, "CarType": 2}}, {"model": "api.rental", "pk": 11, "fields": {"DateFrom": "2022-12-20", "DateTo": "2022-12-31", "DateReturned": null, "TotalCost": null, "LicensePlate": "GWZ-8144", "GoldMember": false, "Customer": 3, "Employee": 2, "BranchFrom": 4, "BranchTo": 4, "Car": 25, "CarType": 2}}, {"model": "api.rental", "pk": 12, "fields": {"DateFrom": "2022-11-30", "DateTo": "2022-12-01", "DateReturned": "2022-12-01", "TotalCost": 10.0, "LicensePlate": "CV6-L141", "GoldMember": true, "Customer": 2, "Employee": 2, "BranchFrom": 1, "BranchTo": 1, "Car": 23, "CarType": 2}}, {"model": "api.rental", "pk": 13, "fields": {"DateFrom": "2022-11-30", "DateTo": "2022-12-07", "DateReturned": "2022-12-08", "TotalCost": 220.0, "LicensePlate": "KUX-1137", "GoldMember": false, "Customer": 3, "Employee": 4, "BranchFrom": 1, "BranchTo": 1, "Car": 7, "CarType": 3}}]